Wall time,Step,Value
1712577955.856739,1688,0.8661666512489319
1712577959.229884,3376,0.8713333606719971
1712577962.727048,5064,0.8709999918937683
1712577966.124539,6752,0.8728333115577698
1712577969.500766,8440,0.8761666417121887
1712577972.906745,10128,0.8744999766349792
